date,day_of_week,nrel_id,city,network,funded,multifamily,samples,avg_occupancy_pct,zero_use
2026-07-15,Wednesday,f23da320-519b-4ede-bb98-af75bd8a12b2,Bellevue,Blink,False,False,1,0.0,True
2026-07-15,Wednesday,9da03792-2573-4664-9379-779968503309,Bellevue,ChargePoint,False,False,1,0.0,True
2026-07-15,Wednesday,21193436-197f-4916-a9f6-8be2ae429a8a,Bellevue,ChargePoint,False,False,1,5.9,False
2026-07-15,Wednesday,2f60d5ca-90a9-4511-a892-12b73ab68084,Bellevue,ChargePoint,False,False,1,12.5,False
2026-07-15,Wednesday,27090325-ed3f-8c5e-9da2-b011681b0ee9,Bellevue,ChargePoint,False,False,1,0.0,True
2026-07-15,Wednesday,075a8666-5954-4a31-b7da-aa2c367d053e,Bellevue,Blink,False,False,1,20.0,False
2026-07-15,Wednesday,3e62361f-e9ba-8934-a0a7-269286801e8f,Bellevue,ChargePoint,False,False,1,0.0,True
2026-07-15,Wednesday,117f7cb2-fb43-8d8f-a117-f654b88e6df5,Bellevue,ChargePoint,False,False,1,0.0,True
2026-07-15,Wednesday,2cbc2732-8dca-8b1a-b827-39df38bb25e1,Bellevue,ChargePoint,False,False,1,4.5,False
2026-07-15,Wednesday,f1d390da-2400-4a35-a30d-2cccc55e6d43,Bellevue,ChargePoint,False,False,1,0.0,True
2026-07-15,Wednesday,eae422fb-bddb-4877-bf1e-531eda92e7b5,Bellevue,Blink,False,False,1,0.0,True
2026-07-15,Wednesday,e4961bdb-6d71-4980-aa27-6a90dec0fa43,Bellevue,ChargePoint,False,False,1,10.0,False
2026-07-15,Wednesday,b2f50d4e-1f31-4542-89e1-a405701e9c17,Bellevue,ChargePoint,False,False,1,100.0,False
2026-07-15,Wednesday,1dc91f6e-326e-4b73-955e-9fc714e6271f,Bellevue,ChargePoint,False,False,1,0.0,True
2026-07-15,Wednesday,c7036e56-1ac6-4a2c-82a9-44c19476f15c,Bellevue,Blink,False,False,0,,True
2026-07-15,Wednesday,eeb6f300-168e-4272-bfa8-fb756557f921,Bellevue,ChargePoint,False,False,1,12.5,False
2026-07-15,Wednesday,93beea56-578a-462a-babe-229e0beec17e,Bellevue,Blink,False,False,1,0.0,True
2026-07-15,Wednesday,3141b010-7247-462b-8dd7-5785684792c7,Bellevue,ChargePoint,False,False,1,25.0,False
2026-07-15,Wednesday,0a4b58c4-bd0d-8822-ba9e-c88e1f48b22f,Bellevue,Blink,False,False,1,0.0,True
2026-07-15,Wednesday,c14ffe3b-7ed8-4d3d-ae67-775a71af2059,Bellevue,ChargePoint,False,False,1,0.0,True
2026-07-15,Wednesday,b64930b8-904c-4d1d-8cb3-6af018ec738c,Bellevue,ChargePoint,False,False,1,100.0,False
2026-07-15,Wednesday,460bb0fc-77c5-48aa-9560-5c94b160c5d2,Bellevue,ChargePoint,False,False,1,0.0,True
2026-07-15,Wednesday,6ad277f9-246a-465a-a03c-2a9378f5c345,Bellevue,ChargePoint,False,False,1,50.0,False
2026-07-15,Wednesday,628c6ea0-2bbb-4a27-a361-650e1dad20db,Bellevue,ChargePoint,False,False,0,,True
2026-07-15,Wednesday,c6cb8762-4f05-41c5-abe6-597aab5d3a43,Bellevue,ChargePoint,False,False,1,10.0,False
2026-07-15,Wednesday,8375ad15-b0d0-423d-9fff-53de783d71c0,Bellevue,ChargePoint,False,False,1,50.0,False
2026-07-15,Wednesday,dfaa6da6-521f-4cfa-8cfd-110b1a57db60,Bellevue,ChargePoint,False,False,1,0.0,True
2026-07-15,Wednesday,261a252e-9433-4b81-b23d-574546d6d345,Bellevue,ChargePoint,False,False,1,0.0,True
2026-07-15,Wednesday,ed2bb195-6d8a-4b7c-af19-4d267011556b,Bellevue,ChargePoint,False,False,1,8.5,False
2026-07-15,Wednesday,b3b7e2a6-8e24-41d7-8b37-77c58d89a136,Bellevue,ChargePoint,False,False,1,50.0,False
2026-07-15,Wednesday,4e6f6c02-d985-49db-b06d-f44e7dd97fb2,Bellevue,ChargePoint,False,False,1,0.0,True
2026-07-15,Wednesday,8796233e-0c85-40ee-b0d7-f897174d4d5a,Bellevue,ChargePoint,False,False,1,25.0,False
2026-07-15,Wednesday,26a77be4-b33b-492e-9780-ac18c7247436,Bellevue,ChargePoint,False,False,1,50.0,False
2026-07-15,Wednesday,f657f99c-a755-4f8f-80dc-876d068e4ca2,Bellevue,ChargePoint,False,False,1,0.0,True
2026-07-15,Wednesday,48f439d9-45bb-4130-94a9-88818e6286f9,Bellevue,ChargePoint,False,False,1,25.0,False
2026-07-15,Wednesday,306858be-16c2-8640-9874-12775d4d4447,Bellevue,ChargePoint,False,False,1,0.0,True
2026-07-15,Wednesday,2764c23d-d189-4222-9f5d-d47194b90da7,Bellevue,ChargePoint,False,False,1,37.5,False
2026-07-15,Wednesday,a3eac1ce-6ed8-4693-a5b6-bd9b40f19fb2,Bellevue,ChargePoint,False,False,1,10.0,False
2026-07-15,Wednesday,e2e01fce-22f9-4c8b-b98e-c7c60c914344,Bellevue,ChargePoint,False,False,1,0.0,True
2026-07-15,Wednesday,3bf25077-312c-8ee5-937b-25a66b24405a,Bellevue,ChargePoint,False,False,1,0.0,True
2026-07-15,Wednesday,2f0bf1e2-5ac5-8f46-b4c6-5d6122d769a4,Bellevue,ChargePoint,False,False,1,0.0,True
2026-07-15,Wednesday,4540e6c5-c61f-494f-a5b4-f298bba5e288,Bellevue,ChargePoint,False,False,1,6.7,False
2026-07-15,Wednesday,2435f59a-0978-8a04-b8bf-9a365dbf658a,Bellevue,ChargePoint,False,False,1,0.0,True
2026-07-15,Wednesday,281706f5-2deb-8f2b-86e0-6a49343529a8,Bellevue,ChargePoint,False,False,1,0.0,True
2026-07-15,Wednesday,0c0a220c-6645-8ea6-a0af-fc3a8a2915b9,Bellevue,ChargePoint,False,False,1,0.0,True
2026-07-15,Wednesday,ef921c84-2441-4cb1-a802-e1d9c0f0e2d3,Bellevue,ChargePoint,False,False,1,25.0,False
2026-07-15,Wednesday,022aca30-e3f2-8cb6-8632-a342aee6eba9,Bellevue,Blink,False,False,1,0.0,True
2026-07-15,Wednesday,1cbd79e5-7fe7-81c7-b642-786dcc39d846,Bellevue,ChargePoint,False,False,1,0.0,True
2026-07-15,Wednesday,2faa97d1-3eb5-8814-a95a-b8323faf3722,Bellevue,Blink,False,False,1,0.0,True
2026-07-15,Wednesday,10de6716-b031-8ab7-844b-697b38122651,Bellevue,EV Connect,False,False,1,0.0,True
2026-07-15,Wednesday,edb6c466-1e59-4683-9e2e-271236bcd78a,Bellevue,Blink,False,False,1,0.0,True
2026-07-15,Wednesday,9ded790c-26ae-4b54-b2b1-7647b9c6b9ca,Bellevue,ChargePoint,False,False,1,20.0,False
2026-07-15,Wednesday,36fbf654-90d8-4957-8670-bbfe5d58c60a,Bellevue,ChargePoint,False,False,1,0.0,True
2026-07-15,Wednesday,6674ca8c-89bc-41ce-beb6-d9ed485e4d45,Bellevue,ChargePoint,False,False,1,0.0,True
2026-07-15,Wednesday,f9c6e005-a355-454d-b415-b466737419ef,Bellevue,ChargePoint,False,False,1,12.5,False
2026-07-15,Wednesday,72aae7bb-985a-4877-9882-cc2c08297c40,Bellevue,Blink,False,False,1,0.0,True
2026-07-15,Wednesday,74243c24-e422-46bb-9b23-7a10c94911b4,Bellevue,ChargePoint,False,False,0,,True
2026-07-15,Wednesday,080ef8f4-dd8a-89da-a002-4e3320b0798f,Bellevue,Blink,False,False,1,0.0,True
2026-07-15,Wednesday,a2ac5da8-0cdc-4bf6-884e-18bead082f9c,Bellevue,ChargePoint,False,False,0,,True
2026-07-15,Wednesday,92b649b6-9984-4c4b-b6a5-7c8d387ee4d5,Bellevue,ChargePoint,False,False,0,,True
2026-07-15,Wednesday,723dfe2a-4c03-4f26-932e-2c0a38d0cea2,Bellevue,ChargePoint,False,False,1,0.0,True
2026-07-15,Wednesday,1960907b-07de-461d-8dc6-9d55b0caf3d6,Bellevue,ChargePoint,False,False,1,12.5,False
2026-07-15,Wednesday,7a6d8f6d-84c8-4fee-9ab6-3d45809374ce,Bellevue,ChargePoint,False,False,1,0.0,True
2026-07-15,Wednesday,16721b17-7719-4ac5-a83d-e41fac1c765b,Bellevue,ChargePoint,False,False,1,0.0,True
2026-07-15,Wednesday,08f10bb5-127c-4982-b698-50278f2953db,Bellevue,Blink,False,False,1,0.0,True
2026-07-15,Wednesday,31955603-68aa-8bc1-a7be-685cb721b741,Bellevue,ChargePoint,False,False,1,0.0,True
2026-07-15,Wednesday,122bec9d-73eb-81ef-b7fc-ecb18ffec0f9,Bellevue,ChargePoint,False,False,1,0.0,True
2026-07-15,Wednesday,7ea5e506-87fd-4145-bd1c-969ab8dd7153,Bellevue,Blink,False,False,1,0.0,True
2026-07-15,Wednesday,4367be6f-6d03-4ffc-922a-baf930c08a53,Bellevue,Blink,False,False,1,0.0,True
2026-07-15,Wednesday,bddf83d5-f19a-49dd-95b0-1a80d28b47a7,Bellevue,Blink,False,False,1,0.0,True
2026-07-15,Wednesday,1b1e4f54-4107-475c-abdd-b6e8a4b4372e,Bellevue,Blink,False,False,1,0.0,True
2026-07-15,Wednesday,10c47689-6860-81f0-b110-ab0b89ac4b94,Bellevue,ChargePoint,False,False,1,0.0,True
2026-07-15,Wednesday,e3940edc-139a-4281-a5c1-a25aec2ddb2e,Bellevue,ChargePoint,False,False,1,0.0,True
2026-07-15,Wednesday,d7157204-e6be-478c-b8cb-ce04e9d8d9e5,Bellevue,ChargePoint,False,False,1,15.0,False
2026-07-15,Wednesday,a2a4c022-ff92-4323-8252-932f1bbd42fe,Bellevue,ChargePoint,False,False,1,0.0,True
2026-07-17,Friday,f23da320-519b-4ede-bb98-af75bd8a12b2,Bellevue,Blink,False,False,3,0.0,True
2026-07-17,Friday,9da03792-2573-4664-9379-779968503309,Bellevue,ChargePoint,False,False,3,62.5,False
2026-07-17,Friday,21193436-197f-4916-a9f6-8be2ae429a8a,Bellevue,ChargePoint,False,False,3,56.9,False
2026-07-17,Friday,2f60d5ca-90a9-4511-a892-12b73ab68084,Bellevue,ChargePoint,False,False,3,20.8,False
2026-07-17,Friday,27090325-ed3f-8c5e-9da2-b011681b0ee9,Bellevue,ChargePoint,False,False,3,33.3,False
2026-07-17,Friday,075a8666-5954-4a31-b7da-aa2c367d053e,Bellevue,Blink,False,False,3,13.3,False
2026-07-17,Friday,3e62361f-e9ba-8934-a0a7-269286801e8f,Bellevue,ChargePoint,False,False,3,11.1,False
2026-07-17,Friday,117f7cb2-fb43-8d8f-a117-f654b88e6df5,Bellevue,ChargePoint,False,False,3,38.9,False
2026-07-17,Friday,2cbc2732-8dca-8b1a-b827-39df38bb25e1,Bellevue,ChargePoint,False,False,3,21.2,False
2026-07-17,Friday,f1d390da-2400-4a35-a30d-2cccc55e6d43,Bellevue,ChargePoint,False,False,3,33.3,False
2026-07-17,Friday,eae422fb-bddb-4877-bf1e-531eda92e7b5,Bellevue,Blink,False,False,3,0.0,True
2026-07-17,Friday,e4961bdb-6d71-4980-aa27-6a90dec0fa43,Bellevue,ChargePoint,False,False,3,40.0,False
2026-07-17,Friday,b2f50d4e-1f31-4542-89e1-a405701e9c17,Bellevue,ChargePoint,False,False,3,50.0,False
2026-07-17,Friday,1dc91f6e-326e-4b73-955e-9fc714e6271f,Bellevue,ChargePoint,False,False,3,33.3,False
2026-07-17,Friday,c7036e56-1ac6-4a2c-82a9-44c19476f15c,Bellevue,Blink,False,False,0,,True
2026-07-17,Friday,eeb6f300-168e-4272-bfa8-fb756557f921,Bellevue,ChargePoint,False,False,3,50.0,False
2026-07-17,Friday,93beea56-578a-462a-babe-229e0beec17e,Bellevue,Blink,False,False,3,100.0,False
2026-07-17,Friday,3141b010-7247-462b-8dd7-5785684792c7,Bellevue,ChargePoint,False,False,3,50.0,False
2026-07-17,Friday,0a4b58c4-bd0d-8822-ba9e-c88e1f48b22f,Bellevue,Blink,False,False,3,83.3,False
2026-07-17,Friday,c14ffe3b-7ed8-4d3d-ae67-775a71af2059,Bellevue,ChargePoint,False,False,3,77.4,False
2026-07-17,Friday,b64930b8-904c-4d1d-8cb3-6af018ec738c,Bellevue,ChargePoint,False,False,3,33.3,False
2026-07-17,Friday,460bb0fc-77c5-48aa-9560-5c94b160c5d2,Bellevue,ChargePoint,False,False,3,33.3,False
2026-07-17,Friday,6ad277f9-246a-465a-a03c-2a9378f5c345,Bellevue,ChargePoint,False,False,3,16.7,False
2026-07-17,Friday,628c6ea0-2bbb-4a27-a361-650e1dad20db,Bellevue,ChargePoint,False,False,0,,True
2026-07-17,Friday,c6cb8762-4f05-41c5-abe6-597aab5d3a43,Bellevue,ChargePoint,False,False,3,81.7,False
2026-07-17,Friday,8375ad15-b0d0-423d-9fff-53de783d71c0,Bellevue,ChargePoint,False,False,3,33.3,False
2026-07-17,Friday,dfaa6da6-521f-4cfa-8cfd-110b1a57db60,Bellevue,ChargePoint,False,False,3,66.7,False
2026-07-17,Friday,261a252e-9433-4b81-b23d-574546d6d345,Bellevue,ChargePoint,False,False,3,41.7,False
2026-07-17,Friday,ed2bb195-6d8a-4b7c-af19-4d267011556b,Bellevue,ChargePoint,False,False,3,71.6,False
2026-07-17,Friday,b3b7e2a6-8e24-41d7-8b37-77c58d89a136,Bellevue,ChargePoint,False,False,3,50.0,False
2026-07-17,Friday,4e6f6c02-d985-49db-b06d-f44e7dd97fb2,Bellevue,ChargePoint,False,False,3,41.7,False
2026-07-17,Friday,8796233e-0c85-40ee-b0d7-f897174d4d5a,Bellevue,ChargePoint,False,False,3,41.7,False
2026-07-17,Friday,26a77be4-b33b-492e-9780-ac18c7247436,Bellevue,ChargePoint,False,False,3,33.3,False
2026-07-17,Friday,f657f99c-a755-4f8f-80dc-876d068e4ca2,Bellevue,ChargePoint,False,False,3,26.7,False
2026-07-17,Friday,48f439d9-45bb-4130-94a9-88818e6286f9,Bellevue,ChargePoint,False,False,3,58.3,False
2026-07-17,Friday,306858be-16c2-8640-9874-12775d4d4447,Bellevue,ChargePoint,False,False,3,0.0,True
2026-07-17,Friday,2764c23d-d189-4222-9f5d-d47194b90da7,Bellevue,ChargePoint,False,False,3,25.0,False
2026-07-17,Friday,a3eac1ce-6ed8-4693-a5b6-bd9b40f19fb2,Bellevue,ChargePoint,False,False,3,20.0,False
2026-07-17,Friday,e2e01fce-22f9-4c8b-b98e-c7c60c914344,Bellevue,ChargePoint,False,False,3,37.5,False
2026-07-17,Friday,3bf25077-312c-8ee5-937b-25a66b24405a,Bellevue,ChargePoint,False,False,3,0.0,True
2026-07-17,Friday,2f0bf1e2-5ac5-8f46-b4c6-5d6122d769a4,Bellevue,ChargePoint,False,False,3,9.2,False
2026-07-17,Friday,4540e6c5-c61f-494f-a5b4-f298bba5e288,Bellevue,ChargePoint,False,False,3,8.9,False
2026-07-17,Friday,2435f59a-0978-8a04-b8bf-9a365dbf658a,Bellevue,ChargePoint,False,False,3,0.0,True
2026-07-17,Friday,281706f5-2deb-8f2b-86e0-6a49343529a8,Bellevue,ChargePoint,False,False,3,0.0,True
2026-07-17,Friday,0c0a220c-6645-8ea6-a0af-fc3a8a2915b9,Bellevue,ChargePoint,False,False,3,7.6,False
2026-07-17,Friday,ef921c84-2441-4cb1-a802-e1d9c0f0e2d3,Bellevue,ChargePoint,False,False,3,58.3,False
2026-07-17,Friday,022aca30-e3f2-8cb6-8632-a342aee6eba9,Bellevue,Blink,False,False,3,5.6,False
2026-07-17,Friday,1cbd79e5-7fe7-81c7-b642-786dcc39d846,Bellevue,ChargePoint,False,False,3,0.0,True
2026-07-17,Friday,2faa97d1-3eb5-8814-a95a-b8323faf3722,Bellevue,Blink,False,False,3,27.8,False
2026-07-17,Friday,10de6716-b031-8ab7-844b-697b38122651,Bellevue,EV Connect,False,False,3,0.0,True
2026-07-17,Friday,edb6c466-1e59-4683-9e2e-271236bcd78a,Bellevue,Blink,False,False,3,16.7,False
2026-07-17,Friday,9ded790c-26ae-4b54-b2b1-7647b9c6b9ca,Bellevue,ChargePoint,False,False,3,18.2,False
2026-07-17,Friday,36fbf654-90d8-4957-8670-bbfe5d58c60a,Bellevue,ChargePoint,False,False,3,73.3,False
2026-07-17,Friday,6674ca8c-89bc-41ce-beb6-d9ed485e4d45,Bellevue,ChargePoint,False,False,3,73.3,False
2026-07-17,Friday,f9c6e005-a355-454d-b415-b466737419ef,Bellevue,ChargePoint,False,False,3,25.0,False
2026-07-17,Friday,72aae7bb-985a-4877-9882-cc2c08297c40,Bellevue,Blink,False,False,3,0.0,True
2026-07-17,Friday,74243c24-e422-46bb-9b23-7a10c94911b4,Bellevue,ChargePoint,False,False,0,,True
2026-07-17,Friday,080ef8f4-dd8a-89da-a002-4e3320b0798f,Bellevue,Blink,False,False,3,16.7,False
2026-07-17,Friday,a2ac5da8-0cdc-4bf6-884e-18bead082f9c,Bellevue,ChargePoint,False,False,0,,True
2026-07-17,Friday,92b649b6-9984-4c4b-b6a5-7c8d387ee4d5,Bellevue,ChargePoint,False,False,0,,True
2026-07-17,Friday,723dfe2a-4c03-4f26-932e-2c0a38d0cea2,Bellevue,ChargePoint,False,False,3,0.0,True
2026-07-17,Friday,1960907b-07de-461d-8dc6-9d55b0caf3d6,Bellevue,ChargePoint,False,False,3,0.0,True
2026-07-17,Friday,7a6d8f6d-84c8-4fee-9ab6-3d45809374ce,Bellevue,ChargePoint,False,False,3,0.0,True
2026-07-17,Friday,16721b17-7719-4ac5-a83d-e41fac1c765b,Bellevue,ChargePoint,False,False,2,50.0,False
2026-07-17,Friday,08f10bb5-127c-4982-b698-50278f2953db,Bellevue,Blink,False,False,3,33.3,False
2026-07-17,Friday,31955603-68aa-8bc1-a7be-685cb721b741,Bellevue,ChargePoint,False,False,3,8.3,False
2026-07-17,Friday,122bec9d-73eb-81ef-b7fc-ecb18ffec0f9,Bellevue,ChargePoint,False,False,3,4.2,False
2026-07-17,Friday,7ea5e506-87fd-4145-bd1c-969ab8dd7153,Bellevue,Blink,False,False,3,66.7,False
2026-07-17,Friday,4367be6f-6d03-4ffc-922a-baf930c08a53,Bellevue,Blink,False,False,3,8.3,False
2026-07-17,Friday,bddf83d5-f19a-49dd-95b0-1a80d28b47a7,Bellevue,Blink,False,False,3,33.3,False
2026-07-17,Friday,1b1e4f54-4107-475c-abdd-b6e8a4b4372e,Bellevue,Blink,False,False,3,0.0,True
2026-07-17,Friday,10c47689-6860-81f0-b110-ab0b89ac4b94,Bellevue,ChargePoint,False,False,3,8.3,False
2026-07-17,Friday,e3940edc-139a-4281-a5c1-a25aec2ddb2e,Bellevue,ChargePoint,False,False,3,11.1,False
2026-07-17,Friday,d7157204-e6be-478c-b8cb-ce04e9d8d9e5,Bellevue,ChargePoint,False,False,3,11.7,False
2026-07-17,Friday,a2a4c022-ff92-4323-8252-932f1bbd42fe,Bellevue,ChargePoint,False,False,3,20.0,False
2026-07-24,Friday,f23da320-519b-4ede-bb98-af75bd8a12b2,Bellevue,Blink,False,False,27,0.0,True
2026-07-24,Friday,9da03792-2573-4664-9379-779968503309,Bellevue,ChargePoint,False,False,27,31.5,False
2026-07-24,Friday,21193436-197f-4916-a9f6-8be2ae429a8a,Bellevue,ChargePoint,False,False,27,34.2,False
2026-07-24,Friday,2f60d5ca-90a9-4511-a892-12b73ab68084,Bellevue,ChargePoint,False,False,27,16.2,False
2026-07-24,Friday,27090325-ed3f-8c5e-9da2-b011681b0ee9,Bellevue,ChargePoint,False,False,27,38.9,False
2026-07-24,Friday,075a8666-5954-4a31-b7da-aa2c367d053e,Bellevue,Blink,False,False,27,4.4,False
2026-07-24,Friday,3e62361f-e9ba-8934-a0a7-269286801e8f,Bellevue,ChargePoint,False,False,27,0.0,True
2026-07-24,Friday,117f7cb2-fb43-8d8f-a117-f654b88e6df5,Bellevue,ChargePoint,False,False,27,18.5,False
2026-07-24,Friday,2cbc2732-8dca-8b1a-b827-39df38bb25e1,Bellevue,ChargePoint,False,False,27,28.2,False
2026-07-24,Friday,f1d390da-2400-4a35-a30d-2cccc55e6d43,Bellevue,ChargePoint,False,False,27,53.7,False
2026-07-24,Friday,eae422fb-bddb-4877-bf1e-531eda92e7b5,Bellevue,Blink,False,False,27,22.2,False
2026-07-24,Friday,e4961bdb-6d71-4980-aa27-6a90dec0fa43,Bellevue,ChargePoint,False,False,27,38.9,False
2026-07-24,Friday,b2f50d4e-1f31-4542-89e1-a405701e9c17,Bellevue,ChargePoint,False,False,27,51.9,False
2026-07-24,Friday,1dc91f6e-326e-4b73-955e-9fc714e6271f,Bellevue,ChargePoint,False,False,27,5.6,False
2026-07-24,Friday,c7036e56-1ac6-4a2c-82a9-44c19476f15c,Bellevue,Blink,False,False,0,,True
2026-07-24,Friday,eeb6f300-168e-4272-bfa8-fb756557f921,Bellevue,ChargePoint,False,False,27,37.5,False
2026-07-24,Friday,93beea56-578a-462a-babe-229e0beec17e,Bellevue,Blink,False,False,18,55.6,False
2026-07-24,Friday,3141b010-7247-462b-8dd7-5785684792c7,Bellevue,ChargePoint,False,False,27,56.5,False
2026-07-24,Friday,0a4b58c4-bd0d-8822-ba9e-c88e1f48b22f,Bellevue,Blink,False,False,27,48.1,False
2026-07-24,Friday,c14ffe3b-7ed8-4d3d-ae67-775a71af2059,Bellevue,ChargePoint,False,False,27,54.9,False
2026-07-24,Friday,b64930b8-904c-4d1d-8cb3-6af018ec738c,Bellevue,ChargePoint,False,False,27,33.3,False
2026-07-24,Friday,460bb0fc-77c5-48aa-9560-5c94b160c5d2,Bellevue,ChargePoint,False,False,27,66.7,False
2026-07-24,Friday,6ad277f9-246a-465a-a03c-2a9378f5c345,Bellevue,ChargePoint,False,False,27,66.7,False
2026-07-24,Friday,628c6ea0-2bbb-4a27-a361-650e1dad20db,Bellevue,ChargePoint,False,False,0,,True
2026-07-24,Friday,c6cb8762-4f05-41c5-abe6-597aab5d3a43,Bellevue,ChargePoint,False,False,27,53.0,False
2026-07-24,Friday,8375ad15-b0d0-423d-9fff-53de783d71c0,Bellevue,ChargePoint,False,False,27,24.1,False
2026-07-24,Friday,dfaa6da6-521f-4cfa-8cfd-110b1a57db60,Bellevue,ChargePoint,False,False,27,61.1,False
2026-07-24,Friday,261a252e-9433-4b81-b23d-574546d6d345,Bellevue,ChargePoint,False,False,27,39.8,False
2026-07-24,Friday,ed2bb195-6d8a-4b7c-af19-4d267011556b,Bellevue,ChargePoint,False,False,27,56.5,False
2026-07-24,Friday,b3b7e2a6-8e24-41d7-8b37-77c58d89a136,Bellevue,ChargePoint,False,False,27,59.3,False
2026-07-24,Friday,4e6f6c02-d985-49db-b06d-f44e7dd97fb2,Bellevue,ChargePoint,False,False,19,39.5,False
2026-07-24,Friday,8796233e-0c85-40ee-b0d7-f897174d4d5a,Bellevue,ChargePoint,False,False,27,42.6,False
2026-07-24,Friday,26a77be4-b33b-492e-9780-ac18c7247436,Bellevue,ChargePoint,False,False,27,68.5,False
2026-07-24,Friday,f657f99c-a755-4f8f-80dc-876d068e4ca2,Bellevue,ChargePoint,False,False,27,10.4,False
2026-07-24,Friday,48f439d9-45bb-4130-94a9-88818e6286f9,Bellevue,ChargePoint,False,False,27,68.5,False
2026-07-24,Friday,306858be-16c2-8640-9874-12775d4d4447,Bellevue,ChargePoint,False,False,27,0.0,True
2026-07-24,Friday,2764c23d-d189-4222-9f5d-d47194b90da7,Bellevue,ChargePoint,False,False,27,39.3,False
2026-07-24,Friday,a3eac1ce-6ed8-4693-a5b6-bd9b40f19fb2,Bellevue,ChargePoint,False,False,27,37.8,False
2026-07-24,Friday,e2e01fce-22f9-4c8b-b98e-c7c60c914344,Bellevue,ChargePoint,False,False,27,43.1,False
2026-07-24,Friday,3bf25077-312c-8ee5-937b-25a66b24405a,Bellevue,ChargePoint,False,False,27,0.0,True
2026-07-24,Friday,2f0bf1e2-5ac5-8f46-b4c6-5d6122d769a4,Bellevue,ChargePoint,False,False,27,15.2,False
2026-07-24,Friday,4540e6c5-c61f-494f-a5b4-f298bba5e288,Bellevue,ChargePoint,False,False,27,8.6,False
2026-07-24,Friday,2435f59a-0978-8a04-b8bf-9a365dbf658a,Bellevue,ChargePoint,False,False,27,0.0,True
2026-07-24,Friday,281706f5-2deb-8f2b-86e0-6a49343529a8,Bellevue,ChargePoint,False,False,27,0.0,True
2026-07-24,Friday,0c0a220c-6645-8ea6-a0af-fc3a8a2915b9,Bellevue,ChargePoint,False,False,27,2.5,False
2026-07-24,Friday,ef921c84-2441-4cb1-a802-e1d9c0f0e2d3,Bellevue,ChargePoint,False,False,27,55.6,False
2026-07-24,Friday,022aca30-e3f2-8cb6-8632-a342aee6eba9,Bellevue,Blink,False,False,27,0.0,True
2026-07-24,Friday,1cbd79e5-7fe7-81c7-b642-786dcc39d846,Bellevue,ChargePoint,False,False,27,0.0,True
2026-07-24,Friday,2faa97d1-3eb5-8814-a95a-b8323faf3722,Bellevue,Blink,False,False,27,37.7,False
2026-07-24,Friday,10de6716-b031-8ab7-844b-697b38122651,Bellevue,EV Connect,False,False,27,32.1,False
2026-07-24,Friday,edb6c466-1e59-4683-9e2e-271236bcd78a,Bellevue,Blink,False,False,27,14.8,False
2026-07-24,Friday,9ded790c-26ae-4b54-b2b1-7647b9c6b9ca,Bellevue,ChargePoint,False,False,27,10.2,False
2026-07-24,Friday,36fbf654-90d8-4957-8670-bbfe5d58c60a,Bellevue,ChargePoint,False,False,27,43.3,False
2026-07-24,Friday,6674ca8c-89bc-41ce-beb6-d9ed485e4d45,Bellevue,ChargePoint,False,False,27,55.2,False
2026-07-24,Friday,f9c6e005-a355-454d-b415-b466737419ef,Bellevue,ChargePoint,False,False,27,36.6,False
2026-07-24,Friday,72aae7bb-985a-4877-9882-cc2c08297c40,Bellevue,Blink,False,False,27,0.0,True
2026-07-24,Friday,74243c24-e422-46bb-9b23-7a10c94911b4,Bellevue,ChargePoint,False,False,0,,True
2026-07-24,Friday,080ef8f4-dd8a-89da-a002-4e3320b0798f,Bellevue,Blink,False,False,27,44.4,False
2026-07-24,Friday,a2ac5da8-0cdc-4bf6-884e-18bead082f9c,Bellevue,ChargePoint,False,False,0,,True
2026-07-24,Friday,92b649b6-9984-4c4b-b6a5-7c8d387ee4d5,Bellevue,ChargePoint,False,False,0,,True
2026-07-24,Friday,723dfe2a-4c03-4f26-932e-2c0a38d0cea2,Bellevue,ChargePoint,False,False,27,7.4,False
2026-07-24,Friday,1960907b-07de-461d-8dc6-9d55b0caf3d6,Bellevue,ChargePoint,False,False,27,18.1,False
2026-07-24,Friday,7a6d8f6d-84c8-4fee-9ab6-3d45809374ce,Bellevue,ChargePoint,False,False,16,0.0,True
2026-07-24,Friday,16721b17-7719-4ac5-a83d-e41fac1c765b,Bellevue,ChargePoint,False,False,27,29.6,False
2026-07-24,Friday,08f10bb5-127c-4982-b698-50278f2953db,Bellevue,Blink,False,False,27,37.0,False
2026-07-24,Friday,31955603-68aa-8bc1-a7be-685cb721b741,Bellevue,ChargePoint,False,False,27,2.8,False
2026-07-24,Friday,122bec9d-73eb-81ef-b7fc-ecb18ffec0f9,Bellevue,ChargePoint,False,False,27,0.5,False
2026-07-24,Friday,7ea5e506-87fd-4145-bd1c-969ab8dd7153,Bellevue,Blink,False,False,27,42.6,False
2026-07-24,Friday,4367be6f-6d03-4ffc-922a-baf930c08a53,Bellevue,Blink,False,False,27,5.6,False
2026-07-24,Friday,bddf83d5-f19a-49dd-95b0-1a80d28b47a7,Bellevue,Blink,False,False,27,0.0,True
2026-07-24,Friday,1b1e4f54-4107-475c-abdd-b6e8a4b4372e,Bellevue,Blink,False,False,27,7.4,False
2026-07-24,Friday,10c47689-6860-81f0-b110-ab0b89ac4b94,Bellevue,ChargePoint,False,False,27,0.9,False
2026-07-24,Friday,e3940edc-139a-4281-a5c1-a25aec2ddb2e,Bellevue,ChargePoint,False,False,27,6.5,False
2026-07-24,Friday,d7157204-e6be-478c-b8cb-ce04e9d8d9e5,Bellevue,ChargePoint,False,False,27,18.5,False
2026-07-24,Friday,a2a4c022-ff92-4323-8252-932f1bbd42fe,Bellevue,ChargePoint,False,False,27,12.7,False
2026-07-25,Saturday,f23da320-519b-4ede-bb98-af75bd8a12b2,Bellevue,Blink,False,False,24,0.0,True
2026-07-25,Saturday,9da03792-2573-4664-9379-779968503309,Bellevue,ChargePoint,False,False,24,3.1,False
2026-07-25,Saturday,21193436-197f-4916-a9f6-8be2ae429a8a,Bellevue,ChargePoint,False,False,24,9.8,False
2026-07-25,Saturday,2f60d5ca-90a9-4511-a892-12b73ab68084,Bellevue,ChargePoint,False,False,24,14.6,False
2026-07-25,Saturday,27090325-ed3f-8c5e-9da2-b011681b0ee9,Bellevue,ChargePoint,False,False,24,0.0,True
2026-07-25,Saturday,075a8666-5954-4a31-b7da-aa2c367d053e,Bellevue,Blink,False,False,24,9.2,False
2026-07-25,Saturday,0d32af59-20a5-824b-a0ce-d147dd896519,Bellevue,ChargePoint,False,False,0,,True
2026-07-25,Saturday,3e62361f-e9ba-8934-a0a7-269286801e8f,Bellevue,ChargePoint,False,False,24,0.0,True
2026-07-25,Saturday,31894eeb-1bbd-8256-8f65-3bad31ce84d0,Bellevue,ChargePoint,False,False,0,,True
2026-07-25,Saturday,338680b9-078b-87de-8f33-2f679351e538,Bellevue,ChargePoint,False,False,24,0.0,True
2026-07-25,Saturday,1cdd4978-1af0-8e14-9a8b-47080f94e9c5,Bellevue,ChargePoint,False,False,0,,True
2026-07-25,Saturday,117f7cb2-fb43-8d8f-a117-f654b88e6df5,Bellevue,ChargePoint,False,False,24,17.5,False
2026-07-25,Saturday,18812148-d06d-84f6-8253-e40eb57c7dc8,Bellevue,ChargePoint,False,False,0,,True
2026-07-25,Saturday,044846d8-15c7-8792-9e03-cbd31bbae990,Bellevue,ChargePoint,False,False,0,,True
2026-07-25,Saturday,2cbc2732-8dca-8b1a-b827-39df38bb25e1,Bellevue,ChargePoint,False,False,24,24.2,False
2026-07-25,Saturday,28b37fe9-a325-84b3-a8ef-3329e64a1473,Bellevue,ChargePoint,False,False,0,,True
2026-07-25,Saturday,f1d390da-2400-4a35-a30d-2cccc55e6d43,Bellevue,ChargePoint,False,False,24,20.8,False
2026-07-25,Saturday,eae422fb-bddb-4877-bf1e-531eda92e7b5,Bellevue,Blink,False,False,24,0.0,True
2026-07-25,Saturday,e4961bdb-6d71-4980-aa27-6a90dec0fa43,Bellevue,ChargePoint,False,False,24,33.3,False
2026-07-25,Saturday,b2f50d4e-1f31-4542-89e1-a405701e9c17,Bellevue,ChargePoint,False,False,24,56.2,False
2026-07-25,Saturday,1dc91f6e-326e-4b73-955e-9fc714e6271f,Bellevue,ChargePoint,False,False,24,12.5,False
2026-07-25,Saturday,c7036e56-1ac6-4a2c-82a9-44c19476f15c,Bellevue,Blink,False,False,0,,True
2026-07-25,Saturday,eeb6f300-168e-4272-bfa8-fb756557f921,Bellevue,ChargePoint,False,False,24,24.5,False
2026-07-25,Saturday,93beea56-578a-462a-babe-229e0beec17e,Bellevue,Blink,False,False,15,100.0,False
2026-07-25,Saturday,3141b010-7247-462b-8dd7-5785684792c7,Bellevue,ChargePoint,False,False,24,59.4,False
2026-07-25,Saturday,0a4b58c4-bd0d-8822-ba9e-c88e1f48b22f,Bellevue,Blink,False,False,24,50.0,False
2026-07-25,Saturday,c14ffe3b-7ed8-4d3d-ae67-775a71af2059,Bellevue,ChargePoint,False,False,24,16.3,False
2026-07-25,Saturday,b64930b8-904c-4d1d-8cb3-6af018ec738c,Bellevue,ChargePoint,False,False,24,45.8,False
2026-07-25,Saturday,460bb0fc-77c5-48aa-9560-5c94b160c5d2,Bellevue,ChargePoint,False,False,24,70.8,False
2026-07-25,Saturday,6ad277f9-246a-465a-a03c-2a9378f5c345,Bellevue,ChargePoint,False,False,24,75.0,False
2026-07-25,Saturday,628c6ea0-2bbb-4a27-a361-650e1dad20db,Bellevue,ChargePoint,False,False,0,,True
2026-07-25,Saturday,c6cb8762-4f05-41c5-abe6-597aab5d3a43,Bellevue,ChargePoint,False,False,24,8.2,False
2026-07-25,Saturday,8375ad15-b0d0-423d-9fff-53de783d71c0,Bellevue,ChargePoint,False,False,24,33.3,False
2026-07-25,Saturday,dfaa6da6-521f-4cfa-8cfd-110b1a57db60,Bellevue,ChargePoint,False,False,24,31.8,False
2026-07-25,Saturday,261a252e-9433-4b81-b23d-574546d6d345,Bellevue,ChargePoint,False,False,24,12.5,False
2026-07-25,Saturday,ed2bb195-6d8a-4b7c-af19-4d267011556b,Bellevue,ChargePoint,False,False,24,23.6,False
2026-07-25,Saturday,b3b7e2a6-8e24-41d7-8b37-77c58d89a136,Bellevue,ChargePoint,False,False,24,37.5,False
2026-07-25,Saturday,4e6f6c02-d985-49db-b06d-f44e7dd97fb2,Bellevue,ChargePoint,False,False,22,0.0,True
2026-07-25,Saturday,8796233e-0c85-40ee-b0d7-f897174d4d5a,Bellevue,ChargePoint,False,False,24,43.8,False
2026-07-25,Saturday,26a77be4-b33b-492e-9780-ac18c7247436,Bellevue,ChargePoint,False,False,24,66.7,False
2026-07-25,Saturday,f657f99c-a755-4f8f-80dc-876d068e4ca2,Bellevue,ChargePoint,False,False,24,4.2,False
2026-07-25,Saturday,48f439d9-45bb-4130-94a9-88818e6286f9,Bellevue,ChargePoint,False,False,24,64.6,False
2026-07-25,Saturday,306858be-16c2-8640-9874-12775d4d4447,Bellevue,ChargePoint,False,False,24,0.0,True
2026-07-25,Saturday,2764c23d-d189-4222-9f5d-d47194b90da7,Bellevue,ChargePoint,False,False,24,54.4,False
2026-07-25,Saturday,a3eac1ce-6ed8-4693-a5b6-bd9b40f19fb2,Bellevue,ChargePoint,False,False,24,22.9,False
2026-07-25,Saturday,e2e01fce-22f9-4c8b-b98e-c7c60c914344,Bellevue,ChargePoint,False,False,24,37.5,False
2026-07-25,Saturday,3bf25077-312c-8ee5-937b-25a66b24405a,Bellevue,ChargePoint,False,False,23,2.2,False
2026-07-25,Saturday,2f0bf1e2-5ac5-8f46-b4c6-5d6122d769a4,Bellevue,ChargePoint,False,False,24,13.4,False
2026-07-25,Saturday,4540e6c5-c61f-494f-a5b4-f298bba5e288,Bellevue,ChargePoint,False,False,24,3.2,False
2026-07-25,Saturday,2435f59a-0978-8a04-b8bf-9a365dbf658a,Bellevue,ChargePoint,False,False,24,0.0,True
2026-07-25,Saturday,281706f5-2deb-8f2b-86e0-6a49343529a8,Bellevue,ChargePoint,False,False,24,0.0,True
2026-07-25,Saturday,0c0a220c-6645-8ea6-a0af-fc3a8a2915b9,Bellevue,ChargePoint,False,False,24,0.0,True
2026-07-25,Saturday,ef921c84-2441-4cb1-a802-e1d9c0f0e2d3,Bellevue,ChargePoint,False,False,24,34.4,False
2026-07-25,Saturday,022aca30-e3f2-8cb6-8632-a342aee6eba9,Bellevue,Blink,False,False,24,0.0,True
2026-07-25,Saturday,1cbd79e5-7fe7-81c7-b642-786dcc39d846,Bellevue,ChargePoint,False,False,24,0.0,True
2026-07-25,Saturday,2faa97d1-3eb5-8814-a95a-b8323faf3722,Bellevue,Blink,False,False,24,25.0,False
2026-07-25,Saturday,10de6716-b031-8ab7-844b-697b38122651,Bellevue,EV Connect,False,False,24,41.7,False
2026-07-25,Saturday,edb6c466-1e59-4683-9e2e-271236bcd78a,Bellevue,Blink,False,False,24,29.2,False
2026-07-25,Saturday,9ded790c-26ae-4b54-b2b1-7647b9c6b9ca,Bellevue,ChargePoint,False,False,24,15.2,False
2026-07-25,Saturday,36fbf654-90d8-4957-8670-bbfe5d58c60a,Bellevue,ChargePoint,False,False,24,11.7,False
2026-07-25,Saturday,6674ca8c-89bc-41ce-beb6-d9ed485e4d45,Bellevue,ChargePoint,False,False,24,27.9,False
2026-07-25,Saturday,f9c6e005-a355-454d-b415-b466737419ef,Bellevue,ChargePoint,False,False,24,33.0,False
2026-07-25,Saturday,72aae7bb-985a-4877-9882-cc2c08297c40,Bellevue,Blink,False,False,24,0.0,True
2026-07-25,Saturday,74243c24-e422-46bb-9b23-7a10c94911b4,Bellevue,ChargePoint,False,False,0,,True
2026-07-25,Saturday,080ef8f4-dd8a-89da-a002-4e3320b0798f,Bellevue,Blink,False,False,24,0.0,True
2026-07-25,Saturday,a2ac5da8-0cdc-4bf6-884e-18bead082f9c,Bellevue,ChargePoint,False,False,0,,True
2026-07-25,Saturday,92b649b6-9984-4c4b-b6a5-7c8d387ee4d5,Bellevue,ChargePoint,False,False,0,,True
2026-07-25,Saturday,723dfe2a-4c03-4f26-932e-2c0a38d0cea2,Bellevue,ChargePoint,False,False,24,8.3,False
2026-07-25,Saturday,1960907b-07de-461d-8dc6-9d55b0caf3d6,Bellevue,ChargePoint,False,False,24,19.8,False
2026-07-25,Saturday,7a6d8f6d-84c8-4fee-9ab6-3d45809374ce,Bellevue,ChargePoint,False,False,10,0.0,True
2026-07-25,Saturday,16721b17-7719-4ac5-a83d-e41fac1c765b,Bellevue,ChargePoint,False,False,24,47.9,False
2026-07-25,Saturday,08f10bb5-127c-4982-b698-50278f2953db,Bellevue,Blink,False,False,24,0.0,True
2026-07-25,Saturday,31955603-68aa-8bc1-a7be-685cb721b741,Bellevue,ChargePoint,False,False,24,1.0,False
2026-07-25,Saturday,122bec9d-73eb-81ef-b7fc-ecb18ffec0f9,Bellevue,ChargePoint,False,False,24,0.0,True
2026-07-25,Saturday,7ea5e506-87fd-4145-bd1c-969ab8dd7153,Bellevue,Blink,False,False,24,12.5,False
2026-07-25,Saturday,4367be6f-6d03-4ffc-922a-baf930c08a53,Bellevue,Blink,False,False,24,0.0,True
2026-07-25,Saturday,bddf83d5-f19a-49dd-95b0-1a80d28b47a7,Bellevue,Blink,False,False,24,0.0,True
2026-07-25,Saturday,1b1e4f54-4107-475c-abdd-b6e8a4b4372e,Bellevue,Blink,False,False,24,0.0,True
2026-07-25,Saturday,10c47689-6860-81f0-b110-ab0b89ac4b94,Bellevue,ChargePoint,False,False,24,0.0,True
2026-07-25,Saturday,e3940edc-139a-4281-a5c1-a25aec2ddb2e,Bellevue,ChargePoint,False,False,24,0.0,True
2026-07-26,Sunday,f23da320-519b-4ede-bb98-af75bd8a12b2,Bellevue,Blink,False,False,28,0.0,True
2026-07-26,Sunday,9da03792-2573-4664-9379-779968503309,Bellevue,ChargePoint,False,False,28,6.0,False
2026-07-26,Sunday,21193436-197f-4916-a9f6-8be2ae429a8a,Bellevue,ChargePoint,False,False,28,9.0,False
2026-07-26,Sunday,2f60d5ca-90a9-4511-a892-12b73ab68084,Bellevue,ChargePoint,False,False,28,10.7,False
2026-07-26,Sunday,27090325-ed3f-8c5e-9da2-b011681b0ee9,Bellevue,ChargePoint,False,False,28,0.0,True
2026-07-26,Sunday,075a8666-5954-4a31-b7da-aa2c367d053e,Bellevue,Blink,False,False,28,20.0,False
2026-07-26,Sunday,0d32af59-20a5-824b-a0ce-d147dd896519,Bellevue,ChargePoint,False,False,0,,True
2026-07-26,Sunday,3e62361f-e9ba-8934-a0a7-269286801e8f,Bellevue,ChargePoint,False,False,28,0.0,True
2026-07-26,Sunday,31894eeb-1bbd-8256-8f65-3bad31ce84d0,Bellevue,ChargePoint,False,False,0,,True
2026-07-26,Sunday,338680b9-078b-87de-8f33-2f679351e538,Bellevue,ChargePoint,False,False,28,0.0,True
2026-07-26,Sunday,1cdd4978-1af0-8e14-9a8b-47080f94e9c5,Bellevue,ChargePoint,False,False,0,,True
2026-07-26,Sunday,117f7cb2-fb43-8d8f-a117-f654b88e6df5,Bellevue,ChargePoint,False,False,28,5.7,False
2026-07-26,Sunday,18812148-d06d-84f6-8253-e40eb57c7dc8,Bellevue,ChargePoint,False,False,0,,True
2026-07-26,Sunday,044846d8-15c7-8792-9e03-cbd31bbae990,Bellevue,ChargePoint,False,False,0,,True
2026-07-26,Sunday,2cbc2732-8dca-8b1a-b827-39df38bb25e1,Bellevue,ChargePoint,False,False,28,7.8,False
2026-07-26,Sunday,28b37fe9-a325-84b3-a8ef-3329e64a1473,Bellevue,ChargePoint,False,False,0,,True
2026-07-26,Sunday,f1d390da-2400-4a35-a30d-2cccc55e6d43,Bellevue,ChargePoint,False,False,28,23.2,False
2026-07-26,Sunday,eae422fb-bddb-4877-bf1e-531eda92e7b5,Bellevue,Blink,False,False,28,7.1,False
2026-07-26,Sunday,e4961bdb-6d71-4980-aa27-6a90dec0fa43,Bellevue,ChargePoint,False,False,28,31.8,False
2026-07-26,Sunday,b2f50d4e-1f31-4542-89e1-a405701e9c17,Bellevue,ChargePoint,False,False,28,55.4,False
2026-07-26,Sunday,1dc91f6e-326e-4b73-955e-9fc714e6271f,Bellevue,ChargePoint,False,False,28,32.1,False
2026-07-26,Sunday,c7036e56-1ac6-4a2c-82a9-44c19476f15c,Bellevue,Blink,False,False,0,,True
2026-07-26,Sunday,eeb6f300-168e-4272-bfa8-fb756557f921,Bellevue,ChargePoint,False,False,28,33.0,False
2026-07-26,Sunday,93beea56-578a-462a-babe-229e0beec17e,Bellevue,Blink,False,False,22,81.8,False
2026-07-26,Sunday,3141b010-7247-462b-8dd7-5785684792c7,Bellevue,ChargePoint,False,False,28,51.8,False
2026-07-26,Sunday,0a4b58c4-bd0d-8822-ba9e-c88e1f48b22f,Bellevue,Blink,False,False,28,50.0,False
2026-07-26,Sunday,c14ffe3b-7ed8-4d3d-ae67-775a71af2059,Bellevue,ChargePoint,False,False,28,8.6,False
2026-07-26,Sunday,b64930b8-904c-4d1d-8cb3-6af018ec738c,Bellevue,ChargePoint,False,False,28,17.9,False
2026-07-26,Sunday,460bb0fc-77c5-48aa-9560-5c94b160c5d2,Bellevue,ChargePoint,False,False,28,66.1,False
2026-07-26,Sunday,6ad277f9-246a-465a-a03c-2a9378f5c345,Bellevue,ChargePoint,False,False,28,87.5,False
2026-07-26,Sunday,628c6ea0-2bbb-4a27-a361-650e1dad20db,Bellevue,ChargePoint,False,False,0,,True
2026-07-26,Sunday,c6cb8762-4f05-41c5-abe6-597aab5d3a43,Bellevue,ChargePoint,False,False,28,7.5,False
2026-07-26,Sunday,8375ad15-b0d0-423d-9fff-53de783d71c0,Bellevue,ChargePoint,False,False,28,1.8,False
2026-07-26,Sunday,dfaa6da6-521f-4cfa-8cfd-110b1a57db60,Bellevue,ChargePoint,False,False,28,23.7,False
2026-07-26,Sunday,261a252e-9433-4b81-b23d-574546d6d345,Bellevue,ChargePoint,False,False,28,19.6,False
2026-07-26,Sunday,ed2bb195-6d8a-4b7c-af19-4d267011556b,Bellevue,ChargePoint,False,False,28,10.6,False
2026-07-26,Sunday,b3b7e2a6-8e24-41d7-8b37-77c58d89a136,Bellevue,ChargePoint,False,False,28,37.5,False
2026-07-26,Sunday,4e6f6c02-d985-49db-b06d-f44e7dd97fb2,Bellevue,ChargePoint,False,False,28,0.0,True
2026-07-26,Sunday,8796233e-0c85-40ee-b0d7-f897174d4d5a,Bellevue,ChargePoint,False,False,28,46.4,False
2026-07-26,Sunday,26a77be4-b33b-492e-9780-ac18c7247436,Bellevue,ChargePoint,False,False,28,41.1,False
2026-07-26,Sunday,f657f99c-a755-4f8f-80dc-876d068e4ca2,Bellevue,ChargePoint,False,False,28,3.6,False
2026-07-26,Sunday,48f439d9-45bb-4130-94a9-88818e6286f9,Bellevue,ChargePoint,False,False,28,57.1,False
2026-07-26,Sunday,306858be-16c2-8640-9874-12775d4d4447,Bellevue,ChargePoint,False,False,28,0.0,True
2026-07-26,Sunday,2764c23d-d189-4222-9f5d-d47194b90da7,Bellevue,ChargePoint,False,False,28,38.4,False
2026-07-26,Sunday,a3eac1ce-6ed8-4693-a5b6-bd9b40f19fb2,Bellevue,ChargePoint,False,False,28,11.4,False
2026-07-26,Sunday,e2e01fce-22f9-4c8b-b98e-c7c60c914344,Bellevue,ChargePoint,False,False,28,30.4,False
2026-07-26,Sunday,3bf25077-312c-8ee5-937b-25a66b24405a,Bellevue,ChargePoint,False,False,26,9.6,False
2026-07-26,Sunday,2f0bf1e2-5ac5-8f46-b4c6-5d6122d769a4,Bellevue,ChargePoint,False,False,28,6.2,False
2026-07-26,Sunday,4540e6c5-c61f-494f-a5b4-f298bba5e288,Bellevue,ChargePoint,False,False,28,2.3,False
2026-07-26,Sunday,2435f59a-0978-8a04-b8bf-9a365dbf658a,Bellevue,ChargePoint,False,False,28,0.0,True
2026-07-26,Sunday,281706f5-2deb-8f2b-86e0-6a49343529a8,Bellevue,ChargePoint,False,False,28,0.0,True
2026-07-26,Sunday,0c0a220c-6645-8ea6-a0af-fc3a8a2915b9,Bellevue,ChargePoint,False,False,28,0.0,True
2026-07-26,Sunday,ef921c84-2441-4cb1-a802-e1d9c0f0e2d3,Bellevue,ChargePoint,False,False,28,38.4,False
2026-07-26,Sunday,022aca30-e3f2-8cb6-8632-a342aee6eba9,Bellevue,Blink,False,False,28,0.5,False
2026-07-26,Sunday,1cbd79e5-7fe7-81c7-b642-786dcc39d846,Bellevue,ChargePoint,False,False,28,0.0,True
2026-07-26,Sunday,2faa97d1-3eb5-8814-a95a-b8323faf3722,Bellevue,Blink,False,False,28,8.9,False
2026-07-26,Sunday,10de6716-b031-8ab7-844b-697b38122651,Bellevue,EV Connect,False,False,28,14.3,False
2026-07-26,Sunday,edb6c466-1e59-4683-9e2e-271236bcd78a,Bellevue,Blink,False,False,28,32.1,False
2026-07-26,Sunday,9ded790c-26ae-4b54-b2b1-7647b9c6b9ca,Bellevue,ChargePoint,False,False,28,12.5,False
2026-07-26,Sunday,36fbf654-90d8-4957-8670-bbfe5d58c60a,Bellevue,ChargePoint,False,False,28,9.6,False
2026-07-26,Sunday,6674ca8c-89bc-41ce-beb6-d9ed485e4d45,Bellevue,ChargePoint,False,False,28,13.6,False
2026-07-26,Sunday,f9c6e005-a355-454d-b415-b466737419ef,Bellevue,ChargePoint,False,False,28,44.4,False
2026-07-26,Sunday,72aae7bb-985a-4877-9882-cc2c08297c40,Bellevue,Blink,False,False,28,0.0,True
2026-07-26,Sunday,74243c24-e422-46bb-9b23-7a10c94911b4,Bellevue,ChargePoint,False,False,0,,True
2026-07-26,Sunday,080ef8f4-dd8a-89da-a002-4e3320b0798f,Bellevue,Blink,False,False,28,0.0,True
2026-07-26,Sunday,a2ac5da8-0cdc-4bf6-884e-18bead082f9c,Bellevue,ChargePoint,False,False,0,,True
2026-07-26,Sunday,92b649b6-9984-4c4b-b6a5-7c8d387ee4d5,Bellevue,ChargePoint,False,False,0,,True
2026-07-26,Sunday,723dfe2a-4c03-4f26-932e-2c0a38d0cea2,Bellevue,ChargePoint,False,False,28,5.4,False
2026-07-26,Sunday,1960907b-07de-461d-8dc6-9d55b0caf3d6,Bellevue,ChargePoint,False,False,28,7.6,False
2026-07-26,Sunday,7a6d8f6d-84c8-4fee-9ab6-3d45809374ce,Bellevue,ChargePoint,False,False,22,0.0,True
2026-07-26,Sunday,16721b17-7719-4ac5-a83d-e41fac1c765b,Bellevue,ChargePoint,False,False,28,17.9,False
2026-07-26,Sunday,08f10bb5-127c-4982-b698-50278f2953db,Bellevue,Blink,False,False,28,0.0,True
2026-07-26,Sunday,31955603-68aa-8bc1-a7be-685cb721b741,Bellevue,ChargePoint,False,False,28,3.6,False
2026-07-26,Sunday,122bec9d-73eb-81ef-b7fc-ecb18ffec0f9,Bellevue,ChargePoint,False,False,28,0.0,True
2026-07-26,Sunday,7ea5e506-87fd-4145-bd1c-969ab8dd7153,Bellevue,Blink,False,False,23,0.0,True
2026-07-26,Sunday,4367be6f-6d03-4ffc-922a-baf930c08a53,Bellevue,Blink,False,False,28,0.0,True
2026-07-26,Sunday,bddf83d5-f19a-49dd-95b0-1a80d28b47a7,Bellevue,Blink,False,False,28,0.0,True
2026-07-26,Sunday,1b1e4f54-4107-475c-abdd-b6e8a4b4372e,Bellevue,Blink,False,False,28,0.0,True
2026-07-26,Sunday,10c47689-6860-81f0-b110-ab0b89ac4b94,Bellevue,ChargePoint,False,False,28,3.6,False
2026-07-26,Sunday,e3940edc-139a-4281-a5c1-a25aec2ddb2e,Bellevue,ChargePoint,False,False,28,0.0,True
